hair/buzz	F	cde490ee-b899-46fb-97a1-af30c8ab4f24
hair/undercut	F	b6ba12e5-b707-4208-9ed8-4c27a3502112
hair/ciuffo	F	9fbf6aa8-0b6d-4ed3-afcd-ad6a88235b31
hair/bob	F	1749e141-c21e-41eb-9197-8bf6b0c07894
hair/coda	F	7c5caf85-2c7d-4455-a507-876cdf09b4fb
hair/mossi	F	33906a31-7e30-4c32-9a15-cec6b5be2fc5
hair/ricci_lunghi	F	7d5f509f-5191-456c-93e6-10c00c80f643
hair/treccine	F	386b45c1-ca05-4bd9-bfed-03b53a985397
hair/chignon	F	da82e06a-10d4-46b8-86f6-a90e332b06bf
hair/frangetta	F	6a68e8fa-10a0-494a-9837-33491b202fae
hat/visiera	F	0652c666-a934-4efe-93f7-785766696519
hat/lana	F	c31f2b98-f94e-4c05-838f-f6a18a240a9f
hat/casco	F	ac5301bd-09fd-4d7d-82cb-f2db3f66eb43
hat/cuoco	F	a1c657af-5562-4d4d-9682-8972f86826fd
hat/hijab	F	3eba67f2-e27a-463a-981c-1b69fcdf4f9b
glasses/wayfarer	F	23893bee-aeb4-40f4-90ad-4fedabdd1918
glasses/aviatore	F	f4cb0db1-3ab8-4d2f-8f86-5313a0d0d827
glasses/geek	F	55391561-d18a-4fd0-ae0f-a4c30debd637
jewel/cerchio	F	8073c10c-2003-49c5-b476-e040bc7b66a5
jewel/pendenti	F	73347daf-5a48-4f81-9662-70837ceb1140
jewel/naso_anello	F	8cb4e69e-1b96-4744-bf7f-883c1e7ec97b
jewel/sopracciglio	F	a5318f2a-187f-4fce-93c0-f4c3d2622f05
other/cuffie	F	775c6da9-40dd-4414-8b14-05d03eba28fb
other/bandana	F	6d9b1910-b44d-4830-a450-359f68a1e1ff
hair/lisci_lunghi	F	b383a44e-f8e9-4332-a5bc-d59e5460331e
hair/ricci_medi	F	07eb3d4f-b659-4e47-8677-cf99d38a9b8a
torso/felpa	F	d1cc9dab-1c28-4f32-ac03-0df2ab21c738
glasses/tondi	F	b2e84748-4b8a-49b4-a8ae-99c656c4f01e
torso/tshirt_bianca	F	f5452d90-7924-4d4e-8533-9c80a12a75bb
torso/tshirt_nera	F	98c61edd-9e8c-450d-9d1e-e4598bb9ca4b
torso/tshirt_rock	F	46ebf86d-5494-4f33-a075-36dae593dfb3
torso/righe	F	8b7fe953-fc89-4143-aa32-428f6e33211e
torso/canotta_basket	F	71d4db4a-25e4-49f1-ad32-173518b9eaf9
torso/camicia	F	3e8fce1e-9d51-4428-a429-b401ae07fab7
torso/hawaiana	F	fdf5c7ee-8da8-439d-9581-65c042d3bfc6
torso/pelle	F	c82b040f-2cf7-42b4-903d-95c89dc9e19f
torso/camice	F	2c94cca5-a42f-4a14-8496-7a2078ddd02d
torso/vigile	F	4442e8c0-e067-4397-9271-7eaf4b40e265
torso/cuoco	F	40fd5bbe-7079-4484-b9e4-7dd015e73dd1
torso/catarifrangente	F	6d1518b6-a975-4b7d-9268-0d2c767373fe
other/corona	F	f61a47f6-445e-411e-99aa-d914030518a4
incl/impianto	F	68c63e40-ff75-48b3-9428-fcb8ab626c0f
neck/catenina	F	225f6bf1-ab82-4a72-9d2f-15cf0adb49dd
neck/catena_trap	F	7775afe1-7ea2-47cb-b09d-9d669efae85f
torso/collo_alto	F	cb268127-ff23-4c03-b5f8-cd5c49b0519a
torso/top	F	8f634ccf-1142-46b2-95c8-d049370751d8
torso/blazer	F	6ef9993f-148f-4571-9758-ac85066f7c0c
arms/tatuaggi	F	ab8525a8-5cd6-41d1-994e-50749b2f762f
arms/orologio	F	e5579365-27eb-440e-a8c8-1296bb76e0ac
arms/bracciale	F	e6c56267-46ce-4b7f-8ecd-950d2ba512d2
incl/stampelle	F	d2c0ef43-e5ec-4cef-92be-573f0938d797
incl/bastone	F	22ce06e6-c6ad-406e-a24b-49b360602a2a
torso/felpa	M	4b09afd4-5e86-4018-aad0-88daf2b9b457
torso/tshirt_bianca	M	41cf224a-dde8-4b77-9685-e4ce5a59f3ee
torso/tshirt_nera	M	042a2740-bade-4e2d-a686-3a4bc8e9a49f
torso/tshirt_rock	M	45a5912e-e1a7-4f45-83a0-5ace06fa1a42
torso/righe	M	e473b537-e909-4afe-a77a-b06761068ea2
torso/canotta_basket	M	adc8f0b2-0a34-4420-bb7a-d0fe2e49f9e4
torso/camicia	M	2adc8999-9b85-4e86-8b59-37b5a13be5a8
torso/hawaiana	M	dd4aa915-70ac-47d3-aead-1559dd7bcbe5
torso/pelle	M	9f69ce95-522f-423e-8a75-d7bb3bf08532
torso/camice	M	5588e852-096b-440d-b2a8-313c6528961e
torso/vigile	M	6d5bee8b-880c-4435-8859-00e7e609af38
torso/cuoco	M	f55285ae-f419-4ef7-b169-b9442c138540
torso/catarifrangente	M	043ac004-742f-4c2d-9fd7-c36f0fe8f2d3
torso/collo_alto	M	ed38daec-3a41-428d-92d3-2cbe3a0bd10d
torso/blazer	M	569039c5-3790-45c8-adc1-22d6c531fed1
torso/top	M	640c4438-7a45-46ef-af1c-ee34d0582023
neck/catenina	M	6b71e28f-8c3b-4edb-bf08-cb02fa778784
neck/catena_trap	M	fa900c2e-4168-4d3e-a0de-deea1f001c15
arms/tatuaggi	M	59ad3ae0-80f7-454b-9ed5-0a317ffb2bcd
arms/orologio	M	4422b1f8-852c-49ff-926d-1891d5e8d0ca
arms/bracciale	M	a323f51d-a0c0-4d39-b6dc-0fa9bcc3e86c
incl/stampelle	M	c9fe6a12-5f90-482f-a90d-823457a5c972
incl/bastone	M	a3c9bff6-8df1-48ab-8391-8f41ea7efdbc
legs/jeans	F	f415cb1b-852c-4807-ab8d-dd105ac114b2
legs/completo	F	4c4c596f-e3f2-4528-97ec-9973f66021d6
legs/corti	F	509dedef-5dc8-4930-9b52-82a5f613d4fc
legs/tuta	F	e629e723-bef4-438b-9bda-5e93f0688deb
legs/gonna_lunga	F	9e617c4c-6646-4ac4-b04d-c1bcba31f495
legs/gonna_corta	F	8398c4f2-ed9c-4747-a112-f582589eb196
legs/vigile	F	029d6a34-cd69-4d1f-ae82-3a6b0c6a3ed4
legs/cuoco	F	382571ed-1bc4-48c0-9eaa-0620046702f5
shoes/sneakers	F	fafd1a06-af5d-4231-bf6b-417a2b381c44
shoes/jordan	F	3c2d3790-e7ad-4f40-9f25-06c01156e6e0
shoes/anfibi	F	c70ba246-e4a6-4306-bf20-7ef4c21a0c3a
shoes/eleganti	F	32ddc792-8e58-4cfc-993a-a24a9c681baf
shoes/tacchi	F	3d860e86-64c1-4673-b312-e94b5632692f
shoes/infradito	F	0781e2c9-f79f-4124-842b-523618a938a2
shoes/antinfortunistiche	F	35bc27e5-97aa-46e6-9ca8-44f912bd02cd
legs/jeans	M	68871a73-c784-42dc-aa73-0365a88f9494
legs/completo	M	15955fce-85e6-4f7e-9f50-f51298a722ca
legs/corti	M	1033acc8-3c85-4c81-9673-205e85fce766
legs/tuta	M	0bf04550-41a9-47ef-916c-e9956ee846a8
legs/gonna_lunga	M	3da88994-b2ab-4455-86aa-a871daf18440
legs/gonna_corta	M	63aeae4d-a25c-4188-89e9-3b397c42d40f
legs/cuoco	M	37dd1f37-cd4a-4080-a516-f70a156123b3
shoes/sneakers	M	ad557316-70fe-4ee2-8e28-0d0743a8ba03
legs/vigile	M	90df2b2b-5ca2-41f8-ae45-daeb3958461c
shoes/jordan	M	17fe97d5-dd5b-4502-87d7-c47f9cff5159
shoes/anfibi	M	51417ae1-5346-49e3-b5a9-5180d82f57bd
shoes/eleganti	M	9af23b64-8dba-43d5-b1ff-96f58cc8797a
shoes/tacchi	M	35aadfc2-a1b4-4cbb-a319-f9481e23c6e1
shoes/infradito	M	16a7262a-5d43-44a5-b0b1-d507d81d3454
shoes/antinfortunistiche	M	593ebbb9-84cb-4918-858a-f124a470c75e
nose/patata	F	52d7a900-798a-424d-8e59-6f424dab85d5
nose/aquilino	F	51480ffb-c5c8-4959-8201-339b713a6789
mouth/carnose	F	785e41c1-d1c9-48e3-ab1a-6456da4ab4c5
brows/folte	F	a2c74ba7-5aca-4afd-ba16-e1b42a5044b4
brows/sottili	F	8dfef8be-74e0-4016-9874-3a88865c14ba
nose/patata	M	ae97ef91-18f3-4467-a873-20b502cee2ff
nose/aquilino	M	d525cbb6-a28e-4def-8147-e7e9cc80e30f
mouth/carnose	M	4ed2e9de-eeaf-4a10-ae55-c0315bc090f7
brows/folte	M	298686d7-41a2-4f63-9840-ddf783262069
brows/sottili	M	4d61e5ac-d1c9-409e-b762-959af0cbd3b6
eyes/tondi_grandi	F	0bb4c2c3-78f7-47a8-951a-d6fc6688901c
eyes/allungati_piccoli	F	c8d92f59-b2b9-4714-a3d9-bbde29d2982b
eyes/tondi_grandi	M	0027a094-baf5-4ea5-b687-f056afad9d46
eyes/allungati_piccoli	M	c5317fc2-83c4-4b80-abcd-94fde4dd0a88
makeup/leggero	F	75c9f2b0-8c76-4566-b3b6-41c60a935957
makeup/intenso	F	ff93cd95-c669-42f5-bc8e-8d6692ddc600
makeup/leggero	M	ba988cd7-e5d3-4121-b33a-c182c8443658
obj/calcio	X	7a66109c-4e8c-42cf-8c52-a76f058966bd
obj/basket	X	f880eb09-5e4d-4e81-9d74-fe59231dc78e
obj/chitarra	X	45907ae1-0a49-4b40-b4aa-e7289fa4deff
obj/zaino	X	8f6b7285-4486-41ae-bccf-735a3f796271
obj/trolley	X	7d03a9f8-39a2-496b-b4c0-7c3f49047d6d
obj/24ore	X	7f6a22c6-433d-4c10-8411-71ec2e07480e
obj/borsa	X	b0b8103a-6dbc-4b80-ba50-3f172cdcc074
obj/stetoscopio	X	1deeac29-0227-41fa-baaf-00063e9e9dfc
obj/tennis	X	8c8229af-72ca-4fff-b7e3-1003e8d375f1
obj/tavolozza	X	fb7e6df0-5920-4fb6-ab0a-0d365fec0714
obj/boxe	X	08d068a6-b213-4bbc-b206-1798eba0b228
obj/estintore	X	964dde00-4cd3-442c-b5dc-bc2445cbff45
obj/macchina_foto	X	022f420a-9cc9-4b26-8748-1c55eaefeaa4
env/laboratorio	X	3f147768-3164-4f60-81cd-198242a55742
obj/mappamondo	X	e4de2dee-84c2-4a7f-9888-6a9db52f6530
obj/pacco	X	fde1c7ea-c03a-4cdf-8961-8e4128b5b2cc
obj/cloche	X	1b4140b5-31e2-42c7-b984-0687b9e5b620
obj/cane	X	96e4ca31-415a-484b-8f04-afb9c4dca3f8
obj/gatto	X	b3a0006b-4310-4652-8d36-3bd3cf57e63a
obj/microfono	X	76168426-2144-4b3a-9fd5-838fdd34491d
obj/skateboard	X	8b934f73-e565-4ef5-b261-1c225a1e0128
env/metropoli	X	f782bdc1-d2d0-495f-9615-833a46d18bde
env/campagna	X	109a3bca-c61f-47da-acd9-2f023358c222
env/montagna	X	ce320d74-05c9-4d65-b0c6-c3e3ccb17a57
env/classe	X	1045cc5d-29d7-408f-8daa-5282a2c30769
env/palco	X	39aaf2f6-b92e-4efd-ba12-bf47b919aef1
env/ospedale	X	62dfd97b-daf1-40a0-afed-6f7f79cea2a6
env/ufficio	X	b0f83237-d1eb-4fda-b7bc-d7852dd442c6
env/cucina	X	48ae0dc3-57ad-48b0-a70e-44b05ab12304
env/officina	X	29a8b7b7-c8d5-479b-b54c-e0c8e21e8f74
makeup/intenso	M	c1fbb9a2-fd3c-46aa-8ab2-183becd9c615
lashes/lunghe	F	47d3d915-7284-4913-a11d-3634c0c3aa39
lashes/lunghe	M	669b0830-e17e-453c-8ca1-07c3f927836b
